job_id,title,company,skill,source,date_pulled
5757414850,Data Analyst,Raas Infotek LLC,business intelligence,adzuna,2026-06-10
5750752478,DATA ANALYST,AaraTechnologies Inc,kpi,adzuna,2026-06-10
5758647154,DATA ANALYST,AaraTechnologies Inc,kpi,adzuna,2026-06-10
5757413576,DATA ANALYST,AaraTechnologies Inc,kpi,adzuna,2026-06-10
5757587186,Data Analyst,FutureSoft Consulting Inc.,dashboarding,adzuna,2026-06-10
5753410504,Data Analyst,INSPYR Solutions,data governance,adzuna,2026-06-10
5753410504,Data Analyst,INSPYR Solutions,data quality,adzuna,2026-06-10
5753410504,Data Analyst,INSPYR Solutions,business intelligence,adzuna,2026-06-10
5756400078,DATA ANALYST,AaraTechnologies Inc,data quality,adzuna,2026-06-10
5752141827,DATA ANALYST,AaraTechnologies Inc,data quality,adzuna,2026-06-10
5752571673,Data Analyst,Sun-IT Solutions,business intelligence,adzuna,2026-06-10
5752571673,Data Analyst,Sun-IT Solutions,requirements gathering,adzuna,2026-06-10
5756815840,Data Analyst,System One,data governance,adzuna,2026-06-10
5756815840,Data Analyst,System One,data quality,adzuna,2026-06-10
5756815840,Data Analyst,System One,business intelligence,adzuna,2026-06-10
5750883123,Data Analyst,MethodHub,power bi,adzuna,2026-06-10
5750883123,Data Analyst,MethodHub,business intelligence,adzuna,2026-06-10
5756446708,Data Analyst,Mindlance,business intelligence,adzuna,2026-06-10
5753658910,Data Analyst,Maagsoft Inc.,pandas,adzuna,2026-06-10
5753658910,Data Analyst,Maagsoft Inc.,excel,adzuna,2026-06-10
5753860000,Data Analyst,PTR Global,data lineage,adzuna,2026-06-10
5735322218,Data Analyst,Synechron,artificial intelligence,adzuna,2026-06-10
5702482618,Data Analyst,Apex Systems,statistics,adzuna,2026-06-10
5702482618,Data Analyst,Apex Systems,machine learning,adzuna,2026-06-10
5758576407,Data Analyst,System One,sql,adzuna,2026-06-10
5758576407,Data Analyst,System One,oracle,adzuna,2026-06-10
5758576407,Data Analyst,System One,azure,adzuna,2026-06-10
5744181528,Data Analyst,Robert Half,sql,adzuna,2026-06-10
5750881554,Data Analyst,Focus America Inc.,sql,adzuna,2026-06-10
5750881554,Data Analyst,Focus America Inc.,data modeling,adzuna,2026-06-10
5750881554,Data Analyst,Focus America Inc.,databricks,adzuna,2026-06-10
5750881554,Data Analyst,Focus America Inc.,delta lake,adzuna,2026-06-10
5750881554,Data Analyst,Focus America Inc.,power bi,adzuna,2026-06-10
5750881554,Data Analyst,Focus America Inc.,tableau,adzuna,2026-06-10
5750881554,Data Analyst,Focus America Inc.,business intelligence,adzuna,2026-06-10
5756720943,Data Analyst,Aditi Consulting,kpi,adzuna,2026-06-10
5730845260,Data Analyst,"cyberThink, Inc.",data pipeline,adzuna,2026-06-10
5730845260,Data Analyst,"cyberThink, Inc.",power bi,adzuna,2026-06-10
5730845260,Data Analyst,"cyberThink, Inc.",statistics,adzuna,2026-06-10
5730845260,Data Analyst,"cyberThink, Inc.",business intelligence,adzuna,2026-06-10
5730845260,Data Analyst,"cyberThink, Inc.",kpi,adzuna,2026-06-10
5730841129,Data Analyst,9th Way Insignia,artificial intelligence,adzuna,2026-06-10
5751847157,Data Analyst,CGI,python,adzuna,2026-06-10
5751847157,Data Analyst,CGI,sql,adzuna,2026-06-10
5751847157,Data Analyst,CGI,hadoop,adzuna,2026-06-10
5751847157,Data Analyst,CGI,tableau,adzuna,2026-06-10
5753681407,Technical Data Analyst,Kforce Technology Staffing,python,adzuna,2026-06-10
5735320963,Data Analyst /Data Analytics,"Rayomind Software Solutions LLC, DBA, Hire'in Solutions",python,adzuna,2026-06-10
5735320963,Data Analyst /Data Analytics,"Rayomind Software Solutions LLC, DBA, Hire'in Solutions",sql,adzuna,2026-06-10
5735320963,Data Analyst /Data Analytics,"Rayomind Software Solutions LLC, DBA, Hire'in Solutions",databricks,adzuna,2026-06-10
5735320963,Data Analyst /Data Analytics,"Rayomind Software Solutions LLC, DBA, Hire'in Solutions",aws,adzuna,2026-06-10
5735320963,Data Analyst /Data Analytics,"Rayomind Software Solutions LLC, DBA, Hire'in Solutions",power bi,adzuna,2026-06-10
5735320963,Data Analyst /Data Analytics,"Rayomind Software Solutions LLC, DBA, Hire'in Solutions",tableau,adzuna,2026-06-10
5735320963,Data Analyst /Data Analytics,"Rayomind Software Solutions LLC, DBA, Hire'in Solutions",business intelligence,adzuna,2026-06-10
5758241920,Business Data Analyst,Harvey Nash,sql,adzuna,2026-06-10
5758241920,Business Data Analyst,Harvey Nash,excel,adzuna,2026-06-10
5758264409,Business Data Analyst,AGM Tech Solutions - A Woman and Latina-owned IT Staffing Firm-an Inc. 5000 company,requirements gathering,adzuna,2026-06-10
5742441095,Job Title: Data Analyst,ETS LLC,python,adzuna,2026-06-10
5742441095,Job Title: Data Analyst,ETS LLC,sql,adzuna,2026-06-10
5742441095,Job Title: Data Analyst,ETS LLC,snowflake,adzuna,2026-06-10
5742441095,Job Title: Data Analyst,ETS LLC,databricks,adzuna,2026-06-10
5742441095,Job Title: Data Analyst,ETS LLC,aws,adzuna,2026-06-10
5742441095,Job Title: Data Analyst,ETS LLC,tableau,adzuna,2026-06-10
5683625494,Guidewire Data Analyst,Excelon Solutions LLC,sql,adzuna,2026-06-10
5683625494,Guidewire Data Analyst,Excelon Solutions LLC,etl,adzuna,2026-06-10
5751282733,Data analyst with Insurance,SmartIT Frame,python,adzuna,2026-06-10
5751282733,Data analyst with Insurance,SmartIT Frame,sql,adzuna,2026-06-10
5751282733,Data analyst with Insurance,SmartIT Frame,databricks,adzuna,2026-06-10
5751282733,Data analyst with Insurance,SmartIT Frame,power bi,adzuna,2026-06-10
5751282733,Data analyst with Insurance,SmartIT Frame,tableau,adzuna,2026-06-10
5751282733,Data analyst with Insurance,SmartIT Frame,business intelligence,adzuna,2026-06-10
5747956329,Senior Data Analyst,Stellar IT Solutions,sql,adzuna,2026-06-10
5747956329,Senior Data Analyst,Stellar IT Solutions,snowflake,adzuna,2026-06-10
5747956329,Senior Data Analyst,Stellar IT Solutions,etl,adzuna,2026-06-10
5747956329,Senior Data Analyst,Stellar IT Solutions,artificial intelligence,adzuna,2026-06-10
5749289422,Data Analyst Engineer,"VDart, Inc.",sql,adzuna,2026-06-10
5749289422,Data Analyst Engineer,"VDart, Inc.",data pipeline,adzuna,2026-06-10
5749289422,Data Analyst Engineer,"VDart, Inc.",data quality,adzuna,2026-06-10
5749289422,Data Analyst Engineer,"VDart, Inc.",requirements gathering,adzuna,2026-06-10
5756447964,Lead Data Analyst,Dexian DISYS,excel,adzuna,2026-06-10
5756446820,Pharma Data Analyst,Aptino,python,adzuna,2026-06-10
5756446820,Pharma Data Analyst,Aptino,sql,adzuna,2026-06-10
5756446820,Pharma Data Analyst,Aptino,postgresql,adzuna,2026-06-10
5756446820,Pharma Data Analyst,Aptino,mysql,adzuna,2026-06-10
5756446820,Pharma Data Analyst,Aptino,oracle,adzuna,2026-06-10
5756446820,Pharma Data Analyst,Aptino,data modeling,adzuna,2026-06-10
5756446820,Pharma Data Analyst,Aptino,power bi,adzuna,2026-06-10
5756446820,Pharma Data Analyst,Aptino,qlik,adzuna,2026-06-10
5756446820,Pharma Data Analyst,Aptino,data quality,adzuna,2026-06-10
5756446820,Pharma Data Analyst,Aptino,business intelligence,adzuna,2026-06-10
5756446820,Pharma Data Analyst,Aptino,dashboarding,adzuna,2026-06-10
5683639289,Senior Data Analyst,"iSpace, Inc",kpi,adzuna,2026-06-10
5756447011,Data Analyst-hybrid,"RapidIT, Inc",data governance,adzuna,2026-06-10
5756447011,Data Analyst-hybrid,"RapidIT, Inc",data quality,adzuna,2026-06-10
5756447011,Data Analyst-hybrid,"RapidIT, Inc",metadata management,adzuna,2026-06-10
5756447011,Data Analyst-hybrid,"RapidIT, Inc",business intelligence,adzuna,2026-06-10
5728492687,Data Analyst Intern,ScaleHealthTech LLC,sql,adzuna,2026-06-10
5728492687,Data Analyst Intern,ScaleHealthTech LLC,power bi,adzuna,2026-06-10
5728492687,Data Analyst Intern,ScaleHealthTech LLC,tableau,adzuna,2026-06-10
5728492687,Data Analyst Intern,ScaleHealthTech LLC,looker,adzuna,2026-06-10
5728492687,Data Analyst Intern,ScaleHealthTech LLC,business intelligence,adzuna,2026-06-10
5728492687,Data Analyst Intern,ScaleHealthTech LLC,requirements gathering,adzuna,2026-06-10
5736196375,Data Analyst III,Tandym Tech,sql,adzuna,2026-06-10
5758161171,Senior Data Analyst,ChaTeck Incorporated,sql,adzuna,2026-06-10
5753366593,Healthcare Data Analyst,Stellar Professionals LLC,sql,adzuna,2026-06-10
5753366593,Healthcare Data Analyst,Stellar Professionals LLC,excel,adzuna,2026-06-10
5758648095,Business/Data Analyst,Innosoul inc,sql,adzuna,2026-06-10
5758648095,Business/Data Analyst,Innosoul inc,snowflake,adzuna,2026-06-10
5758648095,Business/Data Analyst,Innosoul inc,artificial intelligence,adzuna,2026-06-10
5758648095,Business/Data Analyst,Innosoul inc,data governance,adzuna,2026-06-10
5758648095,Business/Data Analyst,Innosoul inc,business intelligence,adzuna,2026-06-10
5747958017,PRODUCT/DATA ANALYST,Netsynk,sql,adzuna,2026-06-10
5747958017,PRODUCT/DATA ANALYST,Netsynk,mongodb,adzuna,2026-06-10
5749963963,Senior Data Analyst,"Motion Recruitment Partners, LLC",artificial intelligence,adzuna,2026-06-10
5730841715,Business Data Analyst,URSI Technologies Inc.,sql,adzuna,2026-06-10
5730841715,Business Data Analyst,URSI Technologies Inc.,databricks,adzuna,2026-06-10
5730841715,Business Data Analyst,URSI Technologies Inc.,delta lake,adzuna,2026-06-10
5730841715,Business Data Analyst,URSI Technologies Inc.,azure,adzuna,2026-06-10
5758518647,Data Analyst - IV,Apex Systems,python,adzuna,2026-06-10
5758518647,Data Analyst - IV,Apex Systems,data pipeline,adzuna,2026-06-10
5758518647,Data Analyst - IV,Apex Systems,pyspark,adzuna,2026-06-10
5758518647,Data Analyst - IV,Apex Systems,databricks,adzuna,2026-06-10
5758518647,Data Analyst - IV,Apex Systems,tableau,adzuna,2026-06-10
5758518647,Data Analyst - IV,Apex Systems,data quality,adzuna,2026-06-10
5749443707,MDM Data Analyst,Teachercool,data quality,adzuna,2026-06-10
5749443707,MDM Data Analyst,Teachercool,master data management,adzuna,2026-06-10
5756450917,Senior Data Analyst,Apidel Technologies,business intelligence,adzuna,2026-06-10
5745177695,AI Data Analyst,Robert Half,artificial intelligence,adzuna,2026-06-10
5750803107,Business Data Analyst,Global Soft Systems,snowflake,adzuna,2026-06-10
5750803107,Business Data Analyst,Global Soft Systems,azure,adzuna,2026-06-10
5750803107,Business Data Analyst,Global Soft Systems,azure data factory,adzuna,2026-06-10
5757829227,Business Data Analyst,DevCare Solutions,sql,adzuna,2026-06-10
5757829227,Business Data Analyst,DevCare Solutions,requirements gathering,adzuna,2026-06-10
5745512676,Data Analyst - NC,Apex Systems,sql,adzuna,2026-06-10
5715795352,IT Data Analyst,Apex Systems,python,adzuna,2026-06-10
5715795352,IT Data Analyst,Apex Systems,sql,adzuna,2026-06-10
5757458117,Master Data Analyst,NOS Technologies,data governance,adzuna,2026-06-10
5757458117,Master Data Analyst,NOS Technologies,data quality,adzuna,2026-06-10
5757458117,Master Data Analyst,NOS Technologies,master data management,adzuna,2026-06-10
5744675255,SQL Data Analyst,Virtusa Corporation,sql,adzuna,2026-06-10
5744675255,SQL Data Analyst,Virtusa Corporation,oracle,adzuna,2026-06-10
5744675255,SQL Data Analyst,Virtusa Corporation,data modeling,adzuna,2026-06-10
5744675255,SQL Data Analyst,Virtusa Corporation,requirements gathering,adzuna,2026-06-10
5744678202,BigData Data Analyst,Virtusa Corporation,sql,adzuna,2026-06-10
5744678202,BigData Data Analyst,Virtusa Corporation,spark,adzuna,2026-06-10
5744678202,BigData Data Analyst,Virtusa Corporation,hadoop,adzuna,2026-06-10
5744678202,BigData Data Analyst,Virtusa Corporation,hive,adzuna,2026-06-10
5751844953,Quality Data Analyst,Apex Systems,sas,adzuna,2026-06-10
5751844953,Quality Data Analyst,Apex Systems,snowflake,adzuna,2026-06-10
5751844953,Quality Data Analyst,Apex Systems,power bi,adzuna,2026-06-10
5751844953,Quality Data Analyst,Apex Systems,business intelligence,adzuna,2026-06-10
5757466607,Healthcare Data Analyst,"Atash Enterprises, LLC",sas,adzuna,2026-06-10
5736199705,Data Analyst - Onsite,Beacon Hill,forecasting,adzuna,2026-06-10
5683629865,PowerBI Data Analyst,C4 Technical Services,etl,adzuna,2026-06-10
5683629865,PowerBI Data Analyst,C4 Technical Services,power bi,adzuna,2026-06-10
5683629865,PowerBI Data Analyst,C4 Technical Services,business intelligence,adzuna,2026-06-10
5757711657,Jr Data Analyst,3A Soft Inc,business intelligence,adzuna,2026-06-10
5740528090,Data Analyst with Security Clearance,Kforce Federal Solutions,typescript,adzuna,2026-06-10
5753860237,Business Intelligence/Data Analyst,Idealforce LLC,business intelligence,adzuna,2026-06-10
5693336521,Lead Data Analyst,GovCIO,artificial intelligence,adzuna,2026-06-10
5735321471,"Staff Data Analyst, Servicing",Upstart,experimentation,adzuna,2026-06-10
5735321471,"Staff Data Analyst, Servicing",Upstart,artificial intelligence,adzuna,2026-06-10
5743413086,Data Analyst IV,"Judge Group, Inc.",kpi,adzuna,2026-06-10
5680356732,Lead Data Analyst,Vistra Corp,data modeling,adzuna,2026-06-10
5680356732,Lead Data Analyst,Vistra Corp,statistics,adzuna,2026-06-10
5754548069,Quality Data Analyst,Advantage Technical,sql,adzuna,2026-06-10
5754548069,Quality Data Analyst,Advantage Technical,sas,adzuna,2026-06-10
5754548069,Quality Data Analyst,Advantage Technical,snowflake,adzuna,2026-06-10
5754548069,Quality Data Analyst,Advantage Technical,power bi,adzuna,2026-06-10
5754548069,Quality Data Analyst,Advantage Technical,business intelligence,adzuna,2026-06-10
5715180115,Data Analyst 2,"Judge Group, Inc.",python,adzuna,2026-06-10
5715180115,Data Analyst 2,"Judge Group, Inc.",sql,adzuna,2026-06-10
5715180115,Data Analyst 2,"Judge Group, Inc.",typescript,adzuna,2026-06-10
5715180115,Data Analyst 2,"Judge Group, Inc.",bigquery,adzuna,2026-06-10
5715180115,Data Analyst 2,"Judge Group, Inc.",data pipeline,adzuna,2026-06-10
5715180115,Data Analyst 2,"Judge Group, Inc.",gcp,adzuna,2026-06-10
5715180115,Data Analyst 2,"Judge Group, Inc.",power bi,adzuna,2026-06-10
5715180115,Data Analyst 2,"Judge Group, Inc.",looker,adzuna,2026-06-10
5715180115,Data Analyst 2,"Judge Group, Inc.",artificial intelligence,adzuna,2026-06-10
5715180115,Data Analyst 2,"Judge Group, Inc.",business intelligence,adzuna,2026-06-10
5756728943,Cloud Data Analyst,Kforce Technology Staffing,azure,adzuna,2026-06-10
5756728943,Cloud Data Analyst,Kforce Technology Staffing,data governance,adzuna,2026-06-10
5742773370,AI/Data Analyst,Kforce Technology Staffing,artificial intelligence,adzuna,2026-06-10
5752571296,Administrator Data Analyst,Kforce Technology Staffing,data governance,adzuna,2026-06-10
5752571296,Administrator Data Analyst,Kforce Technology Staffing,data quality,adzuna,2026-06-10
5752494411,Senior Data Analyst,CGI,etl,adzuna,2026-06-10
5754915091,Data Analyst Advisor,FedEx Office,machine learning,adzuna,2026-06-10
5754915091,Data Analyst Advisor,FedEx Office,artificial intelligence,adzuna,2026-06-10
5758574888,Product Data Analyst,TEKsystems c/o Allegis Group,product analytics,adzuna,2026-06-10
5758574888,Product Data Analyst,TEKsystems c/o Allegis Group,experimentation,adzuna,2026-06-10
5757952639,Business Data Analyst,TEKsystems c/o Allegis Group,power bi,adzuna,2026-06-10
5757952639,Business Data Analyst,TEKsystems c/o Allegis Group,business intelligence,adzuna,2026-06-10
5735855785,Data Analyst 3,"TalentBurst, Inc.",sql,adzuna,2026-06-10
5735855785,Data Analyst 3,"TalentBurst, Inc.",tableau,adzuna,2026-06-10
5735855785,Data Analyst 3,"TalentBurst, Inc.",dashboarding,adzuna,2026-06-10
5735855785,Data Analyst 3,"TalentBurst, Inc.",data storytelling,adzuna,2026-06-10
5735855785,Data Analyst 3,"TalentBurst, Inc.",kpi,adzuna,2026-06-10
5735744018,Data Analyst,Insight Global,tableau,adzuna,2026-06-10
5735744018,Data Analyst,Insight Global,requirements gathering,adzuna,2026-06-10
5749948627,Data Analyst,ManpowerGroup,power bi,adzuna,2026-06-10
5749948627,Data Analyst,ManpowerGroup,tableau,adzuna,2026-06-10
5749948627,Data Analyst,ManpowerGroup,excel,adzuna,2026-06-10
5749948627,Data Analyst,ManpowerGroup,business intelligence,adzuna,2026-06-10
5749948627,Data Analyst,ManpowerGroup,kpi,adzuna,2026-06-10
4373264329,Data Analyst,Insight Global,excel,adzuna,2026-06-10
4373264329,Data Analyst,Insight Global,data quality,adzuna,2026-06-10
5749935587,Data Analyst,Guidehouse,data pipeline,adzuna,2026-06-10
5708902885,Data Analyst,Insight Global,jira,adzuna,2026-06-10
5717520563,Data Analyst,Insight Global,data quality,adzuna,2026-06-10
5678714209,Data Analyst,Insight Global,power bi,adzuna,2026-06-10
5678714209,Data Analyst,Insight Global,excel,adzuna,2026-06-10
5678714209,Data Analyst,Insight Global,business intelligence,adzuna,2026-06-10
5729941791,Data Analyst,Insight Global,dbt,adzuna,2026-06-10
5729941791,Data Analyst,Insight Global,data quality,adzuna,2026-06-10
5734529966,Data Analyst,Insight Global,sql,adzuna,2026-06-10
5734529966,Data Analyst,Insight Global,airflow,adzuna,2026-06-10
5734529966,Data Analyst,Insight Global,etl,adzuna,2026-06-10
5734529966,Data Analyst,Insight Global,data pipeline,adzuna,2026-06-10
5734529966,Data Analyst,Insight Global,databricks,adzuna,2026-06-10
5734529966,Data Analyst,Insight Global,tableau,adzuna,2026-06-10
5708874155,Data Analyst,Insight Global,python,adzuna,2026-06-10
5708874155,Data Analyst,Insight Global,sql,adzuna,2026-06-10
5708874155,Data Analyst,Insight Global,excel,adzuna,2026-06-10
5728690106,Data Analyst,Cayuse Holdings,etl,adzuna,2026-06-10
5728690106,Data Analyst,Cayuse Holdings,data pipeline,adzuna,2026-06-10
5728690106,Data Analyst,Cayuse Holdings,data quality,adzuna,2026-06-10
5728655487,Data Analyst,Cayuse Holdings,etl,adzuna,2026-06-10
5728655487,Data Analyst,Cayuse Holdings,data pipeline,adzuna,2026-06-10
5728655487,Data Analyst,Cayuse Holdings,data quality,adzuna,2026-06-10
5728693384,Data Analyst,Cayuse Holdings,etl,adzuna,2026-06-10
5728693384,Data Analyst,Cayuse Holdings,data pipeline,adzuna,2026-06-10
5728693384,Data Analyst,Cayuse Holdings,data quality,adzuna,2026-06-10
5728640295,Data Analyst,Cayuse Holdings,etl,adzuna,2026-06-10
5728640295,Data Analyst,Cayuse Holdings,data pipeline,adzuna,2026-06-10
5728640295,Data Analyst,Cayuse Holdings,data quality,adzuna,2026-06-10
5728708094,Data Analyst,Cayuse Holdings,etl,adzuna,2026-06-10
5728708094,Data Analyst,Cayuse Holdings,data pipeline,adzuna,2026-06-10
5728708094,Data Analyst,Cayuse Holdings,data quality,adzuna,2026-06-10
5728639614,Data Analyst,Cayuse Holdings,etl,adzuna,2026-06-10
5728639614,Data Analyst,Cayuse Holdings,data pipeline,adzuna,2026-06-10
5728639614,Data Analyst,Cayuse Holdings,data quality,adzuna,2026-06-10
5728845979,Data Analyst,Cayuse Holdings,etl,adzuna,2026-06-10
5728845979,Data Analyst,Cayuse Holdings,data pipeline,adzuna,2026-06-10
5728845979,Data Analyst,Cayuse Holdings,data quality,adzuna,2026-06-10
5728618705,Data Analyst,Cayuse Holdings,etl,adzuna,2026-06-10
5728618705,Data Analyst,Cayuse Holdings,data pipeline,adzuna,2026-06-10
5728618705,Data Analyst,Cayuse Holdings,data quality,adzuna,2026-06-10
5728693576,Data Analyst,Cayuse Holdings,etl,adzuna,2026-06-10
5728693576,Data Analyst,Cayuse Holdings,data pipeline,adzuna,2026-06-10
5728693576,Data Analyst,Cayuse Holdings,data quality,adzuna,2026-06-10
5728707377,Data Analyst,Cayuse Holdings,etl,adzuna,2026-06-10
5728707377,Data Analyst,Cayuse Holdings,data pipeline,adzuna,2026-06-10
5728707377,Data Analyst,Cayuse Holdings,data quality,adzuna,2026-06-10
5728703818,Data Analyst,Cayuse Holdings,etl,adzuna,2026-06-10
5728703818,Data Analyst,Cayuse Holdings,data pipeline,adzuna,2026-06-10
5728703818,Data Analyst,Cayuse Holdings,data quality,adzuna,2026-06-10
5728539804,Data Analyst,Cayuse Holdings,etl,adzuna,2026-06-10
5728539804,Data Analyst,Cayuse Holdings,data pipeline,adzuna,2026-06-10
5728539804,Data Analyst,Cayuse Holdings,data quality,adzuna,2026-06-10
5728638537,Data Analyst,Cayuse Holdings,etl,adzuna,2026-06-10
5728638537,Data Analyst,Cayuse Holdings,data pipeline,adzuna,2026-06-10
5728638537,Data Analyst,Cayuse Holdings,data quality,adzuna,2026-06-10
5728638882,Data Analyst,Cayuse Holdings,etl,adzuna,2026-06-10
5728638882,Data Analyst,Cayuse Holdings,data pipeline,adzuna,2026-06-10
5728638882,Data Analyst,Cayuse Holdings,data quality,adzuna,2026-06-10
5728679580,Data Analyst,Cayuse Holdings,etl,adzuna,2026-06-10
5728679580,Data Analyst,Cayuse Holdings,data pipeline,adzuna,2026-06-10
5728679580,Data Analyst,Cayuse Holdings,data quality,adzuna,2026-06-10
5728636604,Data Analyst,Cayuse Holdings,etl,adzuna,2026-06-10
5728636604,Data Analyst,Cayuse Holdings,data pipeline,adzuna,2026-06-10
5728636604,Data Analyst,Cayuse Holdings,data quality,adzuna,2026-06-10
5728638232,Data Analyst,Cayuse Holdings,etl,adzuna,2026-06-10
5728638232,Data Analyst,Cayuse Holdings,data pipeline,adzuna,2026-06-10
5728638232,Data Analyst,Cayuse Holdings,data quality,adzuna,2026-06-10
5728688770,Data Analyst,Cayuse Holdings,etl,adzuna,2026-06-10
5728688770,Data Analyst,Cayuse Holdings,data pipeline,adzuna,2026-06-10
5728688770,Data Analyst,Cayuse Holdings,data quality,adzuna,2026-06-10
5728636840,Data Analyst,Cayuse Holdings,etl,adzuna,2026-06-10
5728636840,Data Analyst,Cayuse Holdings,data pipeline,adzuna,2026-06-10
5728636840,Data Analyst,Cayuse Holdings,data quality,adzuna,2026-06-10
5728614970,Data Analyst,Cayuse Holdings,etl,adzuna,2026-06-10
5728614970,Data Analyst,Cayuse Holdings,data pipeline,adzuna,2026-06-10
5728614970,Data Analyst,Cayuse Holdings,data quality,adzuna,2026-06-10
5728689129,Data Analyst,Cayuse Holdings,etl,adzuna,2026-06-10
5728689129,Data Analyst,Cayuse Holdings,data pipeline,adzuna,2026-06-10
5728689129,Data Analyst,Cayuse Holdings,data quality,adzuna,2026-06-10
5728674319,Data Analyst,Cayuse Holdings,etl,adzuna,2026-06-10
5728674319,Data Analyst,Cayuse Holdings,data pipeline,adzuna,2026-06-10
5728674319,Data Analyst,Cayuse Holdings,data quality,adzuna,2026-06-10
5728703146,Data Analyst,Cayuse Holdings,etl,adzuna,2026-06-10
5728703146,Data Analyst,Cayuse Holdings,data pipeline,adzuna,2026-06-10
5728703146,Data Analyst,Cayuse Holdings,data quality,adzuna,2026-06-10
5728701996,Data Analyst,Cayuse Holdings,etl,adzuna,2026-06-10
5728701996,Data Analyst,Cayuse Holdings,data pipeline,adzuna,2026-06-10
5728701996,Data Analyst,Cayuse Holdings,data quality,adzuna,2026-06-10
5728688564,Data Analyst,Cayuse Holdings,etl,adzuna,2026-06-10
5728688564,Data Analyst,Cayuse Holdings,data pipeline,adzuna,2026-06-10
5728688564,Data Analyst,Cayuse Holdings,data quality,adzuna,2026-06-10
5728688671,Data Analyst,Cayuse Holdings,etl,adzuna,2026-06-10
5728688671,Data Analyst,Cayuse Holdings,data pipeline,adzuna,2026-06-10
5728688671,Data Analyst,Cayuse Holdings,data quality,adzuna,2026-06-10
5728640143,Data Analyst,Cayuse Holdings,etl,adzuna,2026-06-10
5728640143,Data Analyst,Cayuse Holdings,data pipeline,adzuna,2026-06-10
5728640143,Data Analyst,Cayuse Holdings,data quality,adzuna,2026-06-10
5728641796,Data Analyst,Cayuse Holdings,etl,adzuna,2026-06-10
5728641796,Data Analyst,Cayuse Holdings,data pipeline,adzuna,2026-06-10
5728641796,Data Analyst,Cayuse Holdings,data quality,adzuna,2026-06-10
5728707342,Data Analyst,Cayuse Holdings,etl,adzuna,2026-06-10
5728707342,Data Analyst,Cayuse Holdings,data pipeline,adzuna,2026-06-10
5728707342,Data Analyst,Cayuse Holdings,data quality,adzuna,2026-06-10
5728539015,Data Analyst,Cayuse Holdings,etl,adzuna,2026-06-10
5728539015,Data Analyst,Cayuse Holdings,data pipeline,adzuna,2026-06-10
5728539015,Data Analyst,Cayuse Holdings,data quality,adzuna,2026-06-10
5728707597,Data Analyst,Cayuse Holdings,etl,adzuna,2026-06-10
5728707597,Data Analyst,Cayuse Holdings,data pipeline,adzuna,2026-06-10
5728707597,Data Analyst,Cayuse Holdings,data quality,adzuna,2026-06-10
5728702985,Data Analyst,Cayuse Holdings,etl,adzuna,2026-06-10
5728702985,Data Analyst,Cayuse Holdings,data pipeline,adzuna,2026-06-10
5728702985,Data Analyst,Cayuse Holdings,data quality,adzuna,2026-06-10
5728615004,Data Analyst,Cayuse Holdings,etl,adzuna,2026-06-10
5728615004,Data Analyst,Cayuse Holdings,data pipeline,adzuna,2026-06-10
5728615004,Data Analyst,Cayuse Holdings,data quality,adzuna,2026-06-10
5728637995,Data Analyst,Cayuse Holdings,etl,adzuna,2026-06-10
5728637995,Data Analyst,Cayuse Holdings,data pipeline,adzuna,2026-06-10
5728637995,Data Analyst,Cayuse Holdings,data quality,adzuna,2026-06-10
5728642258,Data Analyst,Cayuse Holdings,etl,adzuna,2026-06-10
5728642258,Data Analyst,Cayuse Holdings,data pipeline,adzuna,2026-06-10
5728642258,Data Analyst,Cayuse Holdings,data quality,adzuna,2026-06-10
5728689154,Data Analyst,Cayuse Holdings,etl,adzuna,2026-06-10
5728689154,Data Analyst,Cayuse Holdings,data pipeline,adzuna,2026-06-10
5728689154,Data Analyst,Cayuse Holdings,data quality,adzuna,2026-06-10
5728618364,Data Analyst,Cayuse Holdings,etl,adzuna,2026-06-10
5728618364,Data Analyst,Cayuse Holdings,data pipeline,adzuna,2026-06-10
5728618364,Data Analyst,Cayuse Holdings,data quality,adzuna,2026-06-10
5728630501,Data Analyst,Cayuse Holdings,etl,adzuna,2026-06-10
5728630501,Data Analyst,Cayuse Holdings,data pipeline,adzuna,2026-06-10
5728630501,Data Analyst,Cayuse Holdings,data quality,adzuna,2026-06-10
5728636359,Data Analyst,Cayuse Holdings,etl,adzuna,2026-06-10
5728636359,Data Analyst,Cayuse Holdings,data pipeline,adzuna,2026-06-10
5728636359,Data Analyst,Cayuse Holdings,data quality,adzuna,2026-06-10
5728636646,Data Analyst,Cayuse Holdings,etl,adzuna,2026-06-10
5728636646,Data Analyst,Cayuse Holdings,data pipeline,adzuna,2026-06-10
5728636646,Data Analyst,Cayuse Holdings,data quality,adzuna,2026-06-10
5728763909,Data Analyst,Cayuse Holdings,etl,adzuna,2026-06-10
5728763909,Data Analyst,Cayuse Holdings,data pipeline,adzuna,2026-06-10
5728763909,Data Analyst,Cayuse Holdings,data quality,adzuna,2026-06-10
5728850622,Data Analyst,Cayuse Holdings,etl,adzuna,2026-06-10
5728850622,Data Analyst,Cayuse Holdings,data pipeline,adzuna,2026-06-10
5728850622,Data Analyst,Cayuse Holdings,data quality,adzuna,2026-06-10
5728642287,Data Analyst,Cayuse Holdings,etl,adzuna,2026-06-10
5728642287,Data Analyst,Cayuse Holdings,data pipeline,adzuna,2026-06-10
5728642287,Data Analyst,Cayuse Holdings,data quality,adzuna,2026-06-10
5728765283,Data Analyst,Cayuse Holdings,etl,adzuna,2026-06-10
5728765283,Data Analyst,Cayuse Holdings,data pipeline,adzuna,2026-06-10
5728765283,Data Analyst,Cayuse Holdings,data quality,adzuna,2026-06-10
5728682633,Data Analyst,Cayuse Holdings,etl,adzuna,2026-06-10
5728682633,Data Analyst,Cayuse Holdings,data pipeline,adzuna,2026-06-10
5728682633,Data Analyst,Cayuse Holdings,data quality,adzuna,2026-06-10
5728847654,Data Analyst,Cayuse Holdings,etl,adzuna,2026-06-10
5728847654,Data Analyst,Cayuse Holdings,data pipeline,adzuna,2026-06-10
5728847654,Data Analyst,Cayuse Holdings,data quality,adzuna,2026-06-10
5672584327,Data Analyst,Insight Global,sql,adzuna,2026-06-10
5672584327,Data Analyst,Insight Global,etl,adzuna,2026-06-10
5672584327,Data Analyst,Insight Global,power bi,adzuna,2026-06-10
5672584327,Data Analyst,Insight Global,tableau,adzuna,2026-06-10
5672584327,Data Analyst,Insight Global,business intelligence,adzuna,2026-06-10
5734708477,Data Analyst,Robert Half,data modeling,adzuna,2026-06-10
